ISIN;Name;EPS;Months in Report;Report Expiry Date;Own Investor Link;Stock Exchange Link
DE0005408116;Aareal Bank AG;2,08;6;2016.11.10;http://www.aareal-bank.com/investor-relations/;http://www.boerse-frankfurt.de/de/aktien/aareal+bank+ag+ag+DE0005408116
NL0011540547;ABN AMRO;;;;;
NL0011540547;ABN AMRO Group;;;;;
FR0000120404;Accor S.A.;0,97;12;2015.09.10;http://www.accor.com/en/finance.html;http://www.finanzen.net/aktien/Accor-Aktie
DE000A1EWWW0;adidas AG;2,23;3;2017.11.09;http://www.adidas-group.com/en/investors/financial-reports/;http://www.boerse-frankfurt.de/de/aktien/adidas+ag+ag+DE000A1EWWW0
DE0005008007;ADLER REAL ESTATE AG;0,06;6;2016.08.12;;http://www.boerse-frankfurt.de/de/aktien/adler+real+estate+ag+ag+DE0005008007
LU1250154413;ADO Properties S.A.;0,14;3;2016.08.17;;http://www.boerse-frankfurt.de/aktie/ADO_Properties-Aktie
DE0005103006;ADVA Optical Networking SE;0,19;6;2015.10.22;http://www.advaoptical.com/;http://www.boerse-frankfurt.de/de/aktien/adva+optical+networking+se+ag+DE0005103006
NL0000303709;Aegon N.V.;0,22;12;2016.12.21;;http://www.finanzen.net/aktien/AEGON-Aktie
BE0974264930;ageas NV;2,13;12;2015.12.29;;http://www.finanzen.net/aktien/ageas_NV-Aktie
AT0000603709;AGRANA Beteiligungs-AG;1,45;3;2015.10.08;;http://www.wienerborse.at/marketsearch/?SEARCHVALUE=AT0000603709
NL0010672325;Ahold NV;0;12;2016.09.08;;http://www.finanzen.net/aktien/Ahold_NV-Aktie
FR0000120073;Air Liquide S.A.;4,85;12;2015.12.05;;http://www.finanzen.net/aktien/Air_Liquide-Aktie
NL0000235190;Airbus Group;2,99;12;2015.12.08;;http://www.finanzen.net/aktien/Airbus-Aktie
DE000A0WMPJ6;AIXTRON AG;-0,23;6;2016.11.08;;http://www.boerse-frankfurt.de/de/aktien/aixtron+se+ag+DE000A0WMPJ6
NL0000009132;Akzo Nobel N.V.;3,92;12;2016.10.27;;http://www.finanzen.net/aktien/Akzo_Nobel-Aktie
DE0008404005;Allianz SE;4;3;2017.11.11;;http://www.boerse-frankfurt.de/de/aktien/allianz+se+ag+DE0008404005
FR0010220475;Alstom S.A.;-4,09;12;2016.12.13;;http://www.finanzen.net/aktien/Alstom-Aktie
DE000A0LD2U1;alstria office REIT-AG;0,18;6;2015.11.03;;http://www.boerse-frankfurt.de/de/aktien/reits/alstria+office+reit+ag+reit+DE000A0LD2U1
LU1014539529;Altice;0;12;2016.08.30;;http://www.finanzen.net/aktien/Altice-Aktie
DE0005093108;Amadeus Fire AG;1,46;6;2015.10.01;;http://www.boerse-frankfurt.de/de/aktien/amadeus+fire+ag+ag+DE0005093108
AT00000AMAG3;AMAG Austria Metall AG;0,22;3;2016.08.02;;https://www.wienerborse.at/marktdaten/aktien-sonstige/preisdaten/?ID_NOTATION=44969103&ISIN=AT00000AMAG3
AT0000730007;Andritz AG;1,28;6;2017.11.03;;http://www.wienerborse.at/marketsearch/?SEARCHVALUE=AT0000730007
BE0003793107;Anheuser-Busch InBev;0,64;12;2017.10.06;;http://www.finanzen.net/aktien/Anheuser_Busch_InBev-Aktie
LU1598757687;ArcelorMittal;;;;;
FR0010313833;ArkemaAct;2,53;12;2015.09.17;;http://www.finanzen.net/aktien/ArkemaAct-Aktie
NL0010273215;ASML Holding NV;3,24;12;2015.12.28;;http://www.finanzen.net/aktien/ASML-Aktie
AT0000969985;AT&S Austria Technologie & Systemtechnik AG;-0,35;3;2016.10.13;http://www.ats.net/de/investoren/;https://www.wienerborse.at/marktdaten/aktien-sonstige/preisdaten/?ISIN=AT0000969985&market=wbag&typo3=0&news=0&products=1&ID_NOTATION=23021010
FR0000051732;ATOS;2,67;12;2015.12.05;;http://www.finanzen.net/aktien/ATOS-Aktie
DE0006766504;Aurubis AG;1,58;9;2016.12.14;;http://www.boerse-frankfurt.de/de/aktien/aurubis+ag+ag+DE0006766504
FR0000120628;AXA S.A.;1,95;12;2015.12.12;;http://www.finanzen.net/aktien/AXA-Aktie
DE0005501357;Axel Springer AG;1,09;6;2015.11.04;;http://www.boerse-frankfurt.de/de/aktien/axel+springer+se+ag+DE0005501357
DE000BASF111;BASF SE NA O.N.;2,66;6;2015.10.27;;http://www.boerse-frankfurt.de/de/aktien/basf+se+DE000BASF111
DE000BAY0017;Bayer AG;2,97;6;2015.10.29;;http://www.boerse-frankfurt.de/de/aktien/bayer+ag+ag+DE000BAY0017
DE0005194062;BayWa AG vNa;0,01;6;2016.11.06;;http://www.boerse-frankfurt.de/de/aktien/baywa+ag+vna+ag+DE0005194062
DE0005158703;Bechtle AG;0,75;3;2015.08.07;http://www.bechtle.com/ir;http://www.boerse-frankfurt.de/de/aktien/bechtle+ag+ag+DE0005158703
DE0005200000;Beiersdorf AG;1,61;6;2016.12.31;;http://www.boerse-frankfurt.de/de/aktien/beiersdorf+aktiengesellschaft+ag+DE0005200000
BE0003810273;Belgacom S.A.;1,5;12;2017.01.19;;http://www.finanzen.net/aktien/Belgacom-Aktie
DE0005232805;Bertrandt AG;2,96;6;2015.08.19;;http://www.boerse-frankfurt.de/de/aktien/bertrandt+ag+ag+DE0005232805
DE000A0DNAY5;bet-at-home.com;;;;;
FR0000120966;BIC SA;5,57;12;2015.10.29;;http://www.finanzen.net/aktien/BIC-Aktie
DE0005909006;Bilfinger Berger AG;0,75;6;2015.11.12;http://www.bilfinger.com/en/;http://www.boerse-frankfurt.de/de/aktien/bilfinger+se+ag+DE0005909006
FR0010096479;bioMérieux S.A. ;;;;;
DE0005227235;Biotest AG Vz;0,11;3;2015.08.11;;http://www.boerse-frankfurt.de/de/aktien/biotest+ag+vz+ag+DE0005227235
DE0005190003;BMW AG St;5,44;6;2016.11.04;;http://www.boerse-frankfurt.de/de/aktien/bmw+ag+st+ag+DE0005190003
FR0000131104;BNP Paribas SA;5,13;12;2016.11.09;;http://www.finanzen.net/aktien/BNP_Paribas-Aktie
DE0005493092;Borussia Dortmund GmbH & Co. KGaA;-0,16;9;2016.09.23;http://www.bvb.de/aktie;http://www.boerse-frankfurt.de/de/aktien/borussia+dortmund+gmbh+co+kgaa+ag+DE0005493092
FR0000120503;Bouygues;2,4;12;2015.08.22;;http://www.finanzen.net/aktien/Bouygues-Aktie
DE000A1DAHH0;Brenntag AG;0,59;3;2015.08.06;;http://www.boerse-frankfurt.de/de/aktien/brenntag+ag+ag+DE000A1DAHH0
FR0006174348;Bureau Veritas Registre ...;0,67;12;2015.09.17;;http://www.finanzen.net/aktien/Bureau_Veritas_Registre_International_de_Classification_de_Navires_et_dAeronefs-Aktie
AT00BUWOG001;BUWOG AG;2,87;9;2017.08.31;;http://www.wienerborse.at/marketsearch/?SEARCHVALUE=AT00BUWOG001
AT0000641352;CA Immobilien Anlagen AG;0,25;3;2017.08.24;;http://www.wienerborse.at/marketsearch/?SEARCHVALUE=AT0000641352
DE0005419105;CANCOM AG;0,22;3;2015.08.11;;http://www.boerse-frankfurt.de/de/aktien/cancom+se+ag+DE0005419105
FR0000125338;Cap Gemini S.A.;3,67;12;2015.09.10;;http://www.finanzen.net/aktien/Cap_Gemini-Aktie
DE0006095003;Capital Stage AG;0,01;3;2015.08.31;;http://www.boerse-frankfurt.de/de/aktien/capital+stage+ag+ag+DE0006095003
DE0005313704;Carl Zeiss Meditec AG;0,37;6;2015.08.07;;http://www.boerse-frankfurt.de/de/aktien/carl+zeiss+meditec+ag+ag+DE0005313704
FR0000120172;Carrefour S.A.;1,35;12;2016.10.27;;http://www.finanzen.net/aktien/Carrefour-Aktie
FR0000125585;Casino Guichard-Perrachon et Cie. S.A.;2,04;12;2015.09.27;;http://www.finanzen.net/aktien/Casino_Guichard-Perrachon_et_Cie-Aktie
DE0005403901;CeWe Color Holding AG;0,03;6;2016.11.10;http://company.cewe.de/en/home.html;http://www.boerse-frankfurt.de/de/aktien/cewe+stiftung+co+kgaa+ag+DE0005403901
BE0974256852;Colruyt N.V.;2,49;12;2016.11.02;;http://www.finanzen.net/aktien/Etablissementen_Franz_Colruyt_NV-Aktie
DE000CBK1001;Commerzbank AG;-0,32;6;2017.11.09;http://www.commerzbank.de/;http://www.boerse-frankfurt.de/de/aktien/commerzbank+ag+ag+DE000CBK1001
DE0005437305;CompuGroup Medical AG;0,42;3;2015.08.06;;http://www.boerse-frankfurt.de/de/aktien/compugroup+medical+ag+ag+DE0005437305
DE0005439004;Continental AG;8,19;6;2016.11.10;;http://www.boerse-frankfurt.de/de/aktien/continental+ag+ag+DE0005439004
AT0000697750;conwert Immobilien Invest SE;0,1;3;2017.08.28;;http://www.wienerborse.at/marketsearch/?SEARCHVALUE=AT0000697750
DE0006062144;Covestro AG;0,9;3;2016.10.25;;http://www.boerse-frankfurt.de/aktie/Covestro-Aktie
FR0000045072;Credit Agricole;1,21;12;2016.12.17;;http://www.finanzen.net/aktien/Cr%C3%A9dit_Agricole-Aktie
DE0005470306;CTS Eventim AG;0,19;3;2015.08.27;;http://www.boerse-frankfurt.de/de/aktien/cts+eventim+ag+co+kgaa+ag+DE0005470306
DE0007100000;Daimler AG;3,54;6;2016.10.21;;http://www.boerse-frankfurt.de/de/aktien/daimler+ag+ag+DE0007100000
FR0000130650;Dassault Systèmes S.A.;1,16;12;2015.11.29;;http://www.finanzen.net/aktien/Dassault_Systemes-Aktie
DE000A1ML7J1;Deutsche Annington Immobilien SE;0,07;3;2015.08.19;;http://www.boerse-frankfurt.de/de/aktien/deutsche+annington+immobilien+se+ag+DE000A1ML7J1
DE0005140008;Deutsche Bank AG;0,38;6;2017.10.26;;http://www.boerse-frankfurt.de/de/aktien/deutsche+bank+ag+ag+DE0005140008
DE000A1TNUT7;Deutsche Beteiligungs AG;1,93;9;2016.11.21;;http://www.boerse-frankfurt.de/de/aktien/deutsche+beteiligungs+ag+ag+DE000A1TNUT7
DE0005810055;Deutsche Börse;;;;;
DE0007480204;Deutsche EuroShop AG;0,47;3;2015.08.13;;http://www.boerse-frankfurt.de/de/aktien/deutsche+euroshop+ag+ag+DE0007480204
DE0008232125;Deutsche Lufthansa AG;0,92;6;2016.11.02;http://www.lufthansa.com/investor-relations;http://www.boerse-frankfurt.de/de/aktien/deutsche+lufthansa+ag+ag+DE0008232125
DE0008019001;Deutsche Pfandbriefbank AG;0,49;6;2016.11.14;;http://www.boerse-frankfurt.de/de/aktien/deutsche+pfandbriefbank+ag+DE0008019001
DE0005552004;Deutsche Post AG;0,52;3;2017.11.09;;http://www.boerse-frankfurt.de/de/aktien/deutsche+post+ag+ag+DE0005552004
DE0005557508;Deutsche Telekom AG;0,33;6;2015.11.05;;http://www.boerse-frankfurt.de/de/aktien/deutsche+telekom+ag+ag+DE0005557508
DE000A0HN5C6;Deutsche Wohnen AG;1,79;6;2016.11.15;;http://www.boerse-frankfurt.de/de/aktien/deutsche+wohnen+ag+ag+DE000A0HN5C6
DE0006305006;Deutz AG;0,07;3;2015.08.06;;http://www.boerse-frankfurt.de/de/aktien/deutz+ag+ag+DE0006305006
GB0059822006;Dialog Semiconductor plc (USD!);1,05;6;2015.10.28;;http://www.boerse-frankfurt.de/de/aktien/dialog+semiconductor+plc+ag+GB0059822006
DE000A1X3XX4;DIC Asset AG;0,07;6;2015.11.12;;http://www.boerse-frankfurt.de/de/aktien/dic+asset+ag+ag+DE000A1X3XX4
DE0005878003;DMG MORI SEIKI AG;0,53;6;2015.10.29;;http://www.boerse-frankfurt.de/de/aktien/dmg+mori+ag+ag+DE0005878003
AT0000818802;DO & CO Restaurants & Catering AG;3,62;12;2015.08.13;;http://www.wienerborse.at/marketsearch/?SEARCHVALUE=AT0000818802
DE0005550636;Drägerwerk AG & Co. KGaA;0,39;6;2015.11.05;http://www.draeger.com;http://www.boerse-frankfurt.de/de/aktien/draegerwerk+ag+co+kgaa+vz+ag+DE0005550636
DE0005545503;Drillisch AG;0,3;3;2015.08.13;http://www.drillisch.de;http://www.boerse-frankfurt.de/de/aktien/drillisch+ag+ag+DE0005545503
DE0005565204;Dürr AG;0,48;3;2015.08.06;;http://www.boerse-frankfurt.de/de/aktien/duerr+ag+ag+DE0005565204
DE000ENAG999;E.ON AG;1,85;6;2017.11.08;;http://www.boerse-frankfurt.de/de/aktien/e+on+se+ag+DE000ENAG999
FR0010242511;EDF - Electricité de France;0,32;12;2016.12.13;;http://www.finanzen.net/aktien/Electricit%C3%A9_de_France_%28EDF%29-Aktie
PTEDP0AM0009;EDP - Energias de Portugal;0,25;12;2016.12.21;;http://www.finanzen.net/aktien/Grupo_EDP-Aktie
FR0000130452;Eiffage;3,4;12;2016.10.24;;http://www.finanzen.net/aktien/Eiffage-Aktie
DE0007856023;ElringKlinger AG;0,45;3;2015.08.05;;http://www.boerse-frankfurt.de/de/aktien/elringklinger+ag+ag+DE0007856023
FR0010208488;Engie (ex GDF SUEZ);1;12;2015.10.29;;http://www.finanzen.net/aktien/GDF_SUEZ-Aktie
AT0000652011;Erste Group Bank AG;1,41;6;2017.11.03;;http://www.wienerborse.at/marketsearch/?SEARCHVALUE=AT0000652011
FR0000121667;Essilor International S.A.;4,41;12;2015.09.10;;http://www.finanzen.net/aktien/Essilor_International-Aktie
FR0000038259;Eurofins Scientific Group SA;5,37;12;2016.10.30;;http://www.finanzen.net/aktien/Eurofins_Scientific_Group-Aktie
AT0000741053;EVN AG;1,12;9;2016.12.13;;http://www.wienerborse.at/
DE000EVNK013;Evonik Industries AG;0,87;6;2016.11.04;;http://www.boerse-frankfurt.de/de/aktien/evonik+industries+ag+DE000EVNK013
DE0005664809;EVOTEC AG;0,1;6;2015.11.12;;http://www.boerse-frankfurt.de/de/aktien/evotec+ag+ag+DE0005664809
AT00000FACC2;FACC AG;0,02;3;2015.10.22;http://www.facc.com/Investor-Relations;http://www.wienerborse.at/marketsearch/?SEARCHVALUE=AT00000FACC2
FR0000121147;Faurecia S.A.;;;;;
DE0005772206;Fielmann AG;0,52;3;2015.08.27;;http://www.boerse-frankfurt.de/de/aktien/fielmann+ag+ag+DE0005772206
AT0000911805;Flughafen Wien AG;0,65;6;2017.11.15;;http://www.wienerborse.at/
FR0000064578;Fonciere Des Regions;1,86;12;2015.12.29;;http://www.finanzen.net/aktien/Fonciere_Des_RegionsAct-Aktie
DE0005773303;Fraport AG;0,11;3;2015.08.06;http://www.fraport.de;http://www.boerse-frankfurt.de/de/aktien/fraport+ag+ag+DE0005773303
DE000A0Z2ZZ5;freenet AG;0,44;3;2015.08.06;;http://www.boerse-frankfurt.de/de/aktien/freenet+ag+ag+DE000A0Z2ZZ5
DE0005785802;Fresenius Medical Care AG & Co. KGaA St;1,48;6;2015.10.29;;http://www.boerse-frankfurt.de/de/aktien/fresenius+medical+care+ag+co+kgaa+st+ag+DE0005785802
DE0005785604;Fresenius SE;1,18;6;2015.10.29;;http://www.boerse-frankfurt.de/de/aktien/fresenius+se+co+kgaa+ag+DE0005785604
DE0005790430;Fuchs Petrolub AG Vz;1,38;9;2017.03.21;;http://www.boerse-frankfurt.de/de/aktien/fuchs+petrolub+se+vz+ag+DE0005790430
PTGAL0AM0009;Galp Energia, SGPS, S.A.;0,15;12;2016.11.09;http://www.galpenergia.com/EN/Investidor/ConhecerGalpEnergia/Paginas/GalpEnergiaRelance.aspx;http://www.finanzen.net/aktien/GALP_Energia,SAReg_b-Aktie
DE0006602006;GEA Group AG;0,67;6;2015.10.28;;http://www.boerse-frankfurt.de/de/aktien/gea+group+aktiengesellschaft+ag+DE0006602006
FR0010040865;Gecina S.A.;4,59;12;2015.08.21;http://www.gecina.fr/;http://www.finanzen.net/aktien/Gecina-Aktie
DE000A0LD6E6;Gerresheimer AG;1;6;2015.10.08;;http://www.boerse-frankfurt.de/de/aktien/gerresheimer+ag+ag+DE000A0LD6E6
DE0003304101;Gerry Weber International AG;-0,08;9;2016.12.14;;http://www.boerse-frankfurt.de/de/aktien/gerry+weber+international+ag+ag+DE0003304101
DE0005800601;GFT Technologies AG;0,18;3;2015.08.13;http://www.gft.com;http://www.boerse-frankfurt.de/de/aktien/gft+technologies+ag+ag+DE0005800601
DE0005895403;Grammer AG;1,21;6;2015.11.04;;http://www.boerse-frankfurt.de/de/aktien/grammer+ag+ag+DE0005895403
LU0775917882;Grand City Properties S.A.;;;;;
DE000A161N30;GRENKE AG;1,5;3;2016.07.28;;http://www.boerse-frankfurt.de/aktie/GRENKE-Aktie
BE0003797140;Groupe Bruxelles Lambert;-2,95;12;2017.10.06;;
FR0000120644;Groupe Danone S.A.;1,88;12;2015.09.10;;http://www.finanzen.net/aktien/Groupe_Danone-Aktie
FR0010533075;Groupe Eurotunnel Provenant Regroupement;0,11;12;2015.08.19;http://www.eurotunnelgroup.com/uk/shareholders-and-investors/;http://www.finanzen.net/aktien/Groupe_Eurotunnel__Provenant_Regroupement-Aktie
DE0006013006;Hamborner Reit AG;0,05;3;2015.08.12;;http://www.boerse-frankfurt.de/de/aktien/reits/hamborner+reit+ag+reit+DE0006013006
DE000A0S8488;Hamburger Hafen und Logistik AG;0,17;3;2015.08.13;;http://www.boerse-frankfurt.de/de/aktien/hamburger+hafen+und+logistik+ag+ag+DE000A0S8488
DE0008402215;Hannover Rückversicherung AG;4,03;6;2016.11.10;;http://www.boerse-frankfurt.de/de/aktien/hannover+rueck+se+ag+DE0008402215
DE000HLAG475;Hapag-Lloyd AG;-1,22;6;2016.11.14;;http://www.boerse-frankfurt.de/aktie/Hapag-Lloyd-Aktie
DE0006047004;HeidelbergCement AG;0,79;6;2015.11.05;;http://www.boerse-frankfurt.de/de/aktien/heidelbergcement+ag+ag+DE0006047004
DE0007314007;Heidelberger Druckmaschinen AG;-0,14;3;2016.11.09;;http://www.boerse-frankfurt.de/de/aktien/heidelberger+druckmaschinen+ag+ag+DE0007314007
NL0000009165;Heineken N.V.;2,64;12;2015.09.27;;http://www.finanzen.net/aktien/Heineken-Aktie
DE000A13SX22;Hella KGaA Hueck & Co.;0,75;3;2017.01.12;;http://www.boerse-frankfurt.de/aktie/Hella-Aktie
DE0006048432;Henkel AG & Co. KGaA Vz;1,08;3;2015.08.12;;http://www.boerse-frankfurt.de/de/aktien/henkel+ag+co+kgaa+vz+ag+DE0006048432
DE0006070006;HOCHTIEF AG;0,98;3;2016.07.27;;http://www.boerse-frankfurt.de/de/aktien/hochtief+ag+ag+DE0006070006
DE0006083405;Hornbach Holding AG & Co. KGaA;5,16;6;2016.12.22;;http://www.boerse-frankfurt.de/aktie/Hornbach-Aktie
DE000A1PHFF7;Hugo Boss AG;2,12;6;2015.11.03;;http://www.boerse-frankfurt.de/de/aktien/hugo+boss+ag+ag+DE000A1PHFF7
DE0005493365;Hypoport AG;0,7;3;2016.08.01;;http://www.boerse-frankfurt.de/aktie/Hypoport-Aktie
FR0000035081;ICADE SA;2,06;12;2015.09.30;;http://www.finanzen.net/aktien/ICADE-Aktie
FR0004035913;ILIADAct.;4,85;12;2015.12.12;;http://www.finanzen.net/aktien/ILIAD_1-Aktie
FR0000120859;Imerys S.A.;3,55;12;2015.10.30;;http://www.finanzen.net/aktien/Imerys-Aktie
AT0000809058;Immofinanz AG;0,08;3;2017.08.30;;http://www.wienerborse.at/marketsearch/?SEARCHVALUE=AT0000809058
DE0006200108;Indus Holding AG;0,65;3;2015.08.18;;http://www.boerse-frankfurt.de/de/aktien/indus+holding+ag+ag+DE0006200108
DE0006231004;Infineon Technologies AG;0,22;9;2017.11.14;;http://www.boerse-frankfurt.de/de/aktien/infineon+technologies+ag+ag+DE0006231004
NL0000303600;ING Groep NV;0,46;12;2015.09.29;;http://www.finanzen.net/aktien/ING-Aktie
FR0000125346;Ingenico;3,16;12;2015.10.29;;http://www.finanzen.net/aktien/Ingenico-Aktie
DE000A2AADD2;innogy SE;;;;;
FR0010259150;Ipsen S.A.;;;;;
FR0000077919;JCDecaux SA;1,07;12;2016.10.30;;http://www.finanzen.net/aktien/JCDecaux-Aktie
DE0006229107;Jenoptik AG;0,14;3;2015.08.11;;http://www.boerse-frankfurt.de/de/aktien/jenoptik+ag+ag+DE0006229107
PTJMT0AE0001;Jeronimo Martins SGPS S.A.;0,48;12;2015.12.29;;http://www.finanzen.net/aktien/Jeronimo_Martins_SGPS-Aktie
DE0006219934;Jungheinrich AG;0,71;6;2016.11.08;;http://www.boerse-frankfurt.de/de/aktien/jungheinrich+ag+ag+DE0006219934
DE000KSAG888;K+S AG O.N.;0,77;6;2016.11.10;;http://www.boerse-frankfurt.de/de/aktien/k+s+aktiengesellschaft+ag+DE000KSAG888
AT000KAPSCH9;Kapsch TrafficCom AG;0,28;12;2015.08.19;;http://www.wienerborse.at/marketsearch/?SEARCHVALUE=AT000KAPSCH9
BE0003565737;KBC Groep N.V.;3,32;12;2015.09.27;;http://www.finanzen.net/aktien/KBC_Groep-Aktie
FR0000121485;Kering;4,55;12;2015.12.08;;http://www.finanzen.net/aktien/Kering-Aktie
DE000KGX8881;KION GROUP AG;0,41;3;2015.08.06;;http://www.boerse-frankfurt.de/de/aktien/kion+group+ag+ag+DE000KGX8881
FR0000121964;Klepierre S.A.;-1,6;12;2017.01.19;http://www.klepierre.com/en/finance/;http://www.finanzen.net/aktien/Compagnie_Fonci%C3%A8re_Kl%C3%A9pierre-Aktie
DE000KC01000;Klöckner & Co SE;0,18;6;2016.11.03;;http://www.boerse-frankfurt.de/de/aktien/kloeckner+co+se+ag+DE000KC01000
DE0007193500;KOENIG & BAUER AG;1,05;6;2016.11.10;;http://www.boerse-frankfurt.de/de/aktien/koenig+bauer+ag+ag+DE0007193500
NL0000009827;Koninklijke DSM NV;0,78;12;2015.09.17;;http://www.finanzen.net/aktien/Koninklijke_DSM_NV-Aktie
NL0000009082;Koninklijke KPN N.V.;0,14;12;2016.11.09;;http://www.finanzen.net/aktien/KPN-Aktie
NL0000009538;Koninklijke Philips N.V.;0,42;12;2015.10.30;http://www.philips.com/about/investor/index.page;http://www.finanzen.net/aktien/Philips-Aktie
NL0009432491;Koninklijke Vopak N.V.;1,94;12;2015.11.29;;http://www.finanzen.net/aktien/Koninklijke_Vopak-Aktie
DE0006335003;Krones AG;1,98;6;2015.10.22;;http://www.boerse-frankfurt.de/de/aktien/krones+ag+ag+DE0006335003
DE0007074007;KWS SAAT AG;15,3;9;2015.10.15;;http://www.boerse-frankfurt.de/de/aktien/kws+saat+se+ag+DE0007074007
DE0005470405;LANXESS AG;0,24;3;2015.08.06;;http://www.boerse-frankfurt.de/de/aktien/lanxess+ag+ag+DE0005470405
DE000LEG1110;LEG Immobilien AG;-0,18;6;2016.11.09;;http://www.boerse-frankfurt.de/de/aktien/leg+immobilien+ag+ag+DE000LEG1110
FR0010307819;LEGRAND SA;2;12;2015.09.16;;http://www.finanzen.net/aktien/LEGRAND-Aktie
AT0000644505;Lenzing AG;2,75;3;2017.08.23;;http://www.wienerborse.at/marketsearch/?SEARCHVALUE=AT0000644505
DE0005408884;Leoni AG;0,51;3;2015.08.11;;http://www.boerse-frankfurt.de/de/aktien/leoni+ag+ag+DE0005408884
DE0006483001;Linde AG;3,12;6;2015.10.28;;http://www.boerse-frankfurt.de/de/aktien/linde+ag+ag+DE0006483001
FR0000120321;LOréal S.A.;8,51;12;2015.09.17;;http://www.finanzen.net/aktien/LOr%C3%A9al-Aktie
FR0000121014;LVMH Moët Hennessy - Louis Vuitton;11,27;12;2015.10.04;;http://www.finanzen.net/aktien/LVMH-Aktie
AT0000938204;Mayr-Melnhof Karton AG;4,01;6;2016.11.15;;http://www.wienerborse.at/
DE000A1X3W00;MediGene AG;;;;;
DE0006599905;Merck KGaA;0,65;3;2015.08.06;;http://www.boerse-frankfurt.de/de/aktien/merck+kgaa+ag+DE0006599905
DE0007257503;Metro AG;0,94;9;2015.12.15;;http://www.boerse-frankfurt.de/de/aktien/metro+ag+st+ag+DE0007257503
FR0000121261;Michelin;5,52;12;2015.08.28;;http://www.finanzen.net/aktien/Michelin-Aktie
DE0006569908;MLP AG;;;;;
DE0006632003;MorphoSys AG;1,41;6;2015.11.04;;http://www.boerse-frankfurt.de/de/aktien/morphosys+ag+ag+DE0006632003
DE000A0D9PT0;MTU Aero Engines Holding AG;1,65;6;2015.10.26;;http://www.boerse-frankfurt.de/de/aktien/mtu+aero+engines+ag+ag+DE000A0D9PT0
DE0008430026;Münchener Rück AG;12,99;9;2017.03.15;;http://www.boerse-frankfurt.de/de/aktien/muenchener+rueck+ag+ag+DE0008430026
FR0000120685;Natixis Banques Populaires;0,35;12;2015.09.10;;http://www.finanzen.net/aktien/Natixis_Banques_Populaires-Aktie
DE0006452907;Nemetschek AG;0,4;6;2015.10.30;;http://www.boerse-frankfurt.de/de/aktien/nemetschek+ag+ag+DE0006452907
NL0010773842;NN Group N.V.;1,75;12;2015.11.29;;http://www.finanzen.net/aktien/NN_Group-Aktie
DE000A0D6554;Nordex SE;0,18;3;2015.08.13;;http://www.boerse-frankfurt.de/de/aktien/nordex+se+ag+DE000A0D6554
DE000A1H8BV3;NORMA Group AG;1,5;6;2016.11.02;;http://www.boerse-frankfurt.de/de/aktien/norma+group+se+ag+DE000A1H8BV3
AT0000743059;OMV AG;-0,97;6;2017.11.09;;http://www.wienerborse.at/marketsearch/?SEARCHVALUE=AT0000743059
FR0000133308;Orange S.A.;0,35;12;2015.08.19;http://www.orange.com/en/investors;http://www.finanzen.net/aktien/Orange-Aktie
DE000LED4000;OSRAM Licht AG;0,34;6;2015.08.07;;http://www.boerse-frankfurt.de/de/aktien/osram+licht+ag+ag+DE000LED4000
AT0000APOST4;Österreichische Post AG;1,13;6;2017.11.15;;http://www.wienerborse.at/
AT0000758305;Palfinger AG;0,93;6;2015.10.30;;http://www.wienerborse.at/marketsearch/?SEARCHVALUE=AT0000758305
DE000PAT1AG3;PATRIZIA Immobilien AG;0,13;6;2015.11.12;;http://www.boerse-frankfurt.de/de/aktien/patrizia+immobilien+ag+ag+DE000PAT1AG3
FR0000120693;Pernod Ricard S.A.;3,86;12;2015.09.17;;http://www.finanzen.net/aktien/Pernod_Ricard-Aktie
FR0000121501;Peugeot;1,04;12;2016.11.09;;http://www.finanzen.net/aktien/Peugeot-Aktie
DE0006916604;Pfeiffer Vacuum Technology AG;2,96;9;2017.03.01;;http://www.boerse-frankfurt.de/de/aktien/pfeiffer+vacuum+technology+ag+ag+DE0006916604
FR0000124570;Plastic Omnium;1,72;12;2016.10.24;;http://www.finanzen.net/aktien/Plastic_Omnium-Aktie
AT0000A00XX9;Polytec Holding AG;0,57;6;2016.11.03;;https://www.wienerborse.at/
AT0000609607;PORR AG;0,53;6;2016.11.29;;http://www.wienerborse.at/
DE000PSM7770;ProSiebenSat.1 Media AG;0,84;6;2015.10.29;;http://www.boerse-frankfurt.de/de/aktien/prosiebensat+1+media+se+ag+DE000PSM7770
FR0000130577;Publicis Groupe S.A.;3,22;12;2015.12.05;;http://www.finanzen.net/aktien/Publicis_Groupe-Aktie
DE0006969603;Puma AG;2,66;6;2015.11.06;;http://www.boerse-frankfurt.de/de/aktien/puma+se+ag+DE0006969603
NL0000240000;QIAGEN N.V.;0,17;6;2015.10.28;https://www.qiagen.com/;http://www.boerse-frankfurt.de/de/aktien/qiagen+n+v+ag+NL0000240000
AT0000606306;Raiffeisen International Bank-Holding AG;1,79;6;2017.11.14;;https://www.wienerborse.at/marktdaten/aktien-sonstige/preisdaten/?ISIN=AT0000606306&market=wbag&typo3=0&news=0&products=1&ID_NOTATION=11578202
DE0007010803;Rational AG;2,34;3;2015.08.05;;http://www.boerse-frankfurt.de/de/aktien/rational+ag+ag+DE0007010803
NL0006144495;Reed Elsevier NV;0,55;12;2015.12.12;;http://www.finanzen.net/aktien/Reed_Elsevier_NV-Aktie
FR0000131906;Renault S.A.;10,29;12;2016.12.21;;http://www.finanzen.net/aktien/Renault-Aktie
DE0007030009;Rheinmetall AG;0,2;3;2015.08.06;;http://www.boerse-frankfurt.de/de/aktien/rheinmetall+ag+ag+DE0007030009
AT0000676903;RHI AG;0,45;3;2017.09.14;;http://www.wienerborse.at/
DE0007042301;RHÖN-KLINIKUM AG St.;0,44;3;2015.08.06;;http://www.boerse-frankfurt.de/de/aktien/rhoen+klinikum+ag+ag+DE0007042301
DE000A0Z2XN6;RIB Software AG;0,03;3;2016.07.29;;http://www.boerse-frankfurt.de/de/aktien/rib+software+ag+ag+DE000A0Z2XN6
DE000A12UKK6;Rocket Internet;;;;;
AT0000922554;Rosenbauer International AG;1,2;6;2016.11.17;;http://www.wienerborse.at/
GB00B03MLX29;Royal Dutch Shell Plc. A;1,43;12;2015.12.05;http://www.shell.com/global/aboutshell/investor.html;http://www.finanzen.net/aktien/Royal_Dutch_Shell_1-Aktie
LU0061462528;RTL Group S.A.;0,69;3;2015.08.27;http://www.rtlgroup.com/en/rtlgroup.cfm;http://www.boerse-frankfurt.de/de/aktien/rtl+group+s+a+ag+LU0061462528
DE0007037129;RWE AG;4,34;14.nov;2016.11.14;;http://www.boerse-frankfurt.de/de/aktien/rwe+ag+st+ag+DE0007037129
AT0000652250;S Immo AG;0,11;3;2015.08.27;;http://www.wienerborse.at/marketsearch/?SEARCHVALUE=AT0000652250
AT0000A0E9W5;S&T AG;0,13;6;2016.11.03;;http://www.boerse-frankfurt.de/aktie/ST_1-Aktie
LU0307018795;SAF-HOLLAND S.A.;0,72;12;2015.09.27;;http://www.finanzen.net/aktien/SAF-Holland_SA-Aktie
FR0000073272;SAFRAN S.A.;-2,02;12;2016.11.02;;http://www.finanzen.net/aktien/SAFRAN-Aktie
FR0000125007;Saint-Gobain S.A.;2,31;12;2016.11.02;;http://www.finanzen.net/aktien/Compagnie_de_Saint-Gobain-Aktie
DE0006202005;Salzgitter AG;0,72;6;2015.11.12;;http://www.boerse-frankfurt.de/de/aktien/salzgitter+ag+ag+DE0006202005
FR0000120578;SANOFI-AVENTIS;3,34;12;2015.09.27;;http://www.finanzen.net/aktien/Sanofi-Aktie
DE0007164600;SAP AG;1,39;6;2015.10.20;;http://www.boerse-frankfurt.de/de/aktien/sap+se+ag+DE0007164600
DE0007165631;Sartorius AG Vz;2,8;6;2015.10.20;;http://www.boerse-frankfurt.de/de/aktien/sartorius+ag+vz+ag+DE0007165631
DE000SHA0159;Schaeffler AG;0,75;6;2016.11.10;;http://www.boerse-frankfurt.de/aktie/Schaeffler-Aktie
FR0000121972;SCHNEIDER ELECTRIC;3,39;12;2015.10.30;;http://www.finanzen.net/aktien/Schneider_Electric-Aktie
AT0000946652;Schoeller-Bleckmann AG;-0,31;3;2017.08.24;;http://www.wienerborse.at/marketsearch/?SEARCHVALUE=AT0000946652
FR0010411983;SCOR SE;3,38;12;2016.11.09;;http://www.finanzen.net/aktien/SCOR_SE_Prov_Regpt-Aktie
DE000A12DM80;Scout24 AG;0,12;3;2016.08.01;;http://www.boerse-frankfurt.de/aktie/Scout24-Aktie
FR0000121709;SEB Groupe;;;;;
AT0000785555;Semperit AG Holding;0,87;6;2016.11.17;http://www.semperitgroup.com/ir;http://www.wienerborse.at/
LU0088087324;SES Global AG;1,49;12;2015.11.29;;http://www.finanzen.net/aktien/SES_Global-Aktie
DE0007235301;SGL CARBON SE;-0,8;6;2016.11.10;;http://www.boerse-frankfurt.de/de/aktien/sgl+carbon+se+ag+DE0007235301
DE0007236101;Siemens AG;5,07;9;2016.11.10;http://www.siemens.com/entry/de/de/;http://www.boerse-frankfurt.de/de/aktien/siemens+ag+ag+DE0007236101
DE000WAF3001;Siltronic AG;-0,27;6;2016.10.27;;http://www.boerse-frankfurt.de/aktie/Siltronic-Aktie
DE0007231326;Sixt AG St;0,43;3;2015.08.20;http://ir.sixt.de/;http://www.boerse-frankfurt.de/de/aktien/sixt+se+st+ag+DE0007231326
DE000A111338;SLM Solutions Group AG;-0,13;6;2016.11.10;;http://www.boerse-frankfurt.de/aktie/SLM_Solutions_Group-Aktie
DE000A0DJ6J9;SMA Solar Technology AG;0,56;6;2016.11.10;;http://www.boerse-frankfurt.de/de/aktien/sma+solar+technology+ag+ag+DE000A0DJ6J9
FR0000130809;Société Générale S.A.;2,92;12;2015.12.12;;http://www.finanzen.net/aktien/Soci%E9t%E9_G%E9n%E9rale-Aktie
FR0000121220;Sodexho Alliance S.A.;3,23;12;2015.09.27;;http://www.finanzen.net/aktien/Sodexho_Alliance-Aktie
DE0003304002;Software AG;0,49;6;2015.10.28;;http://www.boerse-frankfurt.de/de/aktien/software+ag+ag+DE0003304002
BE0003470755;Solvay S.A.;0,96;12;2015.12.29;;http://www.finanzen.net/aktien/Solvay-Aktie
LU1066226637;Stabilus SA;1,18;6;2016.08.12;;http://www.boerse-frankfurt.de/aktie/Stabilus-Aktie
DE0007251803;STADA Arzneimittel AG;0,35;3;2015.08.06;;http://www.boerse-frankfurt.de/de/aktien/stada+arzneimittel+ag+ag+DE0007251803
NL0011375019;Steinhoff International Aktie;4,51;12;2016.10.30;;http://www.finanzen.net/aktien/Steinhoff_International-Aktie
NL0000226223;STMicroelectronics N.V.;0,11;12;2015.08.22;;http://www.finanzen.net/aktien/STMicroelectronics-Aktie
AT000000STR1;STRABAG SE;-0,24;6;2016.11.30;;http://www.wienerborse.at/
DE0007493991;Ströer SE;0,1;3;2015.08.13;http://www.stroeer.de/;http://www.boerse-frankfurt.de/de/aktien/stroeer+se+ag+DE0007493991
FR0010613471;Suez Environnement Company;0,71;12;2015.08.19;http://www.suez-environnement.com/finance/;http://www.finanzen.net/aktien/Suez_Environnement_Company-Aktie
DE0007297004;Südzucker AG;0,1;3;2015.10.08;;http://www.boerse-frankfurt.de/de/aktien/suedzucker+ag+ag+DE0007297004
DE000SYM9999;Symrise AG;0,52;3;2015.08.05;;http://www.boerse-frankfurt.de/de/aktien/symrise+ag+ag+DE000SYM9999
DE0008303504;TAG Immobilien AG;0,37;6;2015.11.05;http://www.tag-ag.com;http://www.boerse-frankfurt.de/de/aktien/tag+immobilien+ag+ag+DE0008303504
DE0007446007;TAKKT AG;0,64;6;2015.10.29;;http://www.boerse-frankfurt.de/de/aktien/takkt+ag+ag+DE0007446007
DE000TLX1005;Talanx AG;1,59;6;2016.11.15;;http://www.boerse-frankfurt.de/de/aktien/talanx+aktiengesellschaft+ag+DE000TLX1005
GB00BDSFG982;TechnipFMC plc;;;;;
DE000TCAG172;Tele Columbus AG;-0,32;6;2016.11.14;;http://www.boerse-frankfurt.de/de/aktien/tele+columbus+ag+ag+DE000TCAG172
DE000A1J5RX9;Telefónica Deutschland Holding AG;0,03;3;2016.11.14;;http://www.boerse-frankfurt.de/de/aktien/telef%C3%B3nica+deutschland+holding+ag+ag+DE000A1J5RX9
AT0000720008;Telekom Austria AG;0,3;6;2017.10.23;http://www.telekomaustria.com/;http://www.wienerborse.at/
BE0003826436;Telenet Group Holding N.V.;0,94;12;2015.08.20;http://investors.telenet.be/phoenix.zhtml?c=241896&p=irol-irhome;http://www.finanzen.net/aktien/Telenet_Group-Aktie
FR0000051807;Teleperformance S.A.;;;;;
FR0000121329;Thales S.A.;3,49;12;2015.10.04;;http://www.finanzen.net/aktien/Thales-Aktie
DE0007500001;ThyssenKrupp;-1,33;9;2017.11.23;;http://www.boerse-frankfurt.de/de/aktien/thyssenkrupp+ag+ag+DE0007500001
DE000A12B8Z4;TLG IMMOBILIEN AG;0,26;3;2015.08.31;;
FR0000120271;TOTAL;1,41;12;2015.10.30;;http://www.finanzen.net/aktien/TOTAL-Aktie
AT0000815402;UBM Development AG;1,6;6;2016.11.22;;http://www.wienerborse.at/
BE0003739530;UCB S.A.;1,1;12;2015.09.12;;http://www.finanzen.net/aktien/UCB-Aktie
BE0003884047;Umicore SA;1,55;12;2016.10.24;;http://www.finanzen.net/aktien/Umicore-Aktie
FR0000124711;Unibail-Rodamco S.A.;23,4;12;2017.01.19;;http://www.finanzen.net/aktien/Unibail-Rodamco-Aktie
NL0000009355;Unilever N.V.;1,82;12;2015.12.05;;http://www.finanzen.net/aktien/Unilever_2-Aktie
DE000UNSE018;Uniper SE;;;;;
AT0000821103;UNIQA Versicherungen AG;0,09;3;2017.08.23;;http://www.wienerborse.at/
DE0005089031;United Internet AG;0,39;3;2015.08.13;;http://www.boerse-frankfurt.de/de/aktien/united+internet+ag+ag+DE0005089031
FR0000130338;Valeo SA;3,05;12;2016.10.30;;http://www.finanzen.net/aktien/Valeo-Aktie
FR0004056851;Valneva SE;-0,28;12;2016.11.09;;http://www.finanzen.net/aktien/Valneva-Aktie
FR0000124141;Veolia Environnement;0,33;12;2015.08.22;;http://www.finanzen.net/aktien/Veolia_Environnement-Aktie
AT0000746409;VERBUND AG;0,44;6;2017.11.08;;http://www.wienerborse.at/marketsearch/?SEARCHVALUE=AT0000746409
AT0000908504;Vienna Insurance Group;2,07;3;2017.08.22;http://www.vig.com/en/investor-relations.html;http://www.wienerborse.at/
FR0000125486;Vinci S.A.;4,47;12;2015.10.30;;http://www.finanzen.net/aktien/Vinci-Aktie
FR0000127771;Vivendi S.A.;1,11;12;2015.12.12;;http://www.finanzen.net/aktien/Vivendi-Aktie
AT0000937503;voestalpine AG;1,18;3;2017.11.08;;https://www.wienerborse.at/marktdaten/aktien-sonstige/preisdaten/?ID_NOTATION=1932565&ISIN=AT0000937503
DE0007664039;Volkswagen AG Vz;6,94;6;2016.10.27;;http://www.boerse-frankfurt.de/de/aktien/volkswagen+ag+vz+ag+DE0007664039
DE0007667107;Vossloh AG;0,12;6;2015.10.29;;http://www.boerse-frankfurt.de/de/aktien/vossloh+ag+ag+DE0007667107
DE000VTG9999;VTG AG;0,1;3;2015.08.27;;http://www.boerse-frankfurt.de/de/aktien/vtg+aktiengesellschaft+ag+DE000VTG9999
DE000WCH8881;Wacker Chemie AG;2,85;9;2017.03.14;;http://www.boerse-frankfurt.de/de/aktien/wacker+chemie+ag+ag+DE000WCH8881
DE000WACK012;Wacker Neuson SE;0,65;9;2017.03.16;;http://www.boerse-frankfurt.de/de/aktien/wacker+neuson+se+ag+DE000WACK012
AT0000827209;Warimpex Finanz- Beteiligungs AG;0,13;6;2016.11.30;;http://www.wienerborse.at/
DE0007507501;WashTec AG;0,19;3;2016.08.04;;http://www.boerse-frankfurt.de/aktie/WashTec-Aktie
DE000A1X3X33;WCM Beteiligungs- und Grundbesitz-AG;0,01;3;2016.08.22;;http://www.boerse-frankfurt.de/aktie/WCM_Beteiligungs-und_Grundbesitz-AG-Aktie
FR0000121204;Wendel InvestissementAct;-3,17;12;2016.11.09;;http://www.finanzen.net/aktien/Wendel_InvestissementAct-Aktie
AT0000831706;Wienerberger AG;0,23;6;2017.11.08;;http://www.wienerborse.at/
DE000A0CAYB2;Wincor Nixdorf AG;2,09;6;2016.07.28;;http://www.boerse-frankfurt.de/aktie/Wincor_Nixdorf-Aktie
DE0007472060;Wirecard AG;0,23;3;2015.08.18;http://ir.wirecard.de;http://www.boerse-frankfurt.de/de/aktien/wirecard+ag+ag+DE0007472060
AT0000834007;Wolford AG;0,21;12;2015.12.14;;http://www.wienerborse.at/marketsearch/?SEARCHVALUE=AT0000834007
NL0000395903;Wolters Kluwer N.V.;1,42;12;2016.10.27;http://www.wolterskluwer.com/Investors/Pages/Investors.aspx;http://www.finanzen.net/aktien/Wolters_Kluwer-Aktie
DE0008051004;Wüstenrot & Württembergische AG;1,28;6;2016.11.11;;http://www.boerse-frankfurt.de/aktie/WuestenrotWuerttembergische-Aktie
DE000XNG8888;XING AG;0,91;3;2016.08.04;;http://www.boerse-frankfurt.de/de/aktien/xing+ag+ag+DE000XNG8888
DE000ZAL1111;Zalando;0,02;3;2016.08.11;;http://www.boerse-frankfurt.de/aktie/Zalando-Aktie
FR0000125684;Zodiac Aerospace SA;1,29;12;2015.10.30;;http://www.finanzen.net/aktien/Zodiac_Aerospace-Aktie
DE0005111702;zooplus AG;0,25;3;2016.08.18;;http://www.boerse-frankfurt.de/aktie/zooplus-Aktie
AT0000837307;Zumtobel AG;0,58;12;2017.09.05;;http://www.wienerborse.at/marketsearch/?SEARCHVALUE=AT0000837307
